username;email;newsletter
;;nath@nath.com
toto;titi;truc@truc.com
alexandre;fradet;fradou@fradou.com
laurie;gandon;laurie@gandon.com
Riad;Hacini;riri@middlefinger.com
Yoann;gloaguen;yoyo@filderasoir.com
florent;dabin;floflo@clarkent.com
kriss;kross;kriss@kross.com
yann;chanteloup;yann@chanteloup.com
Last;ButNotLeast;enfin@yopla.com
gianni;napoli;giann@gianni.com
